 ,Group,Label,signal,total,area,mean,median_background,ROI_x,ROI_y,ROI_w,ROI_h,,average,SD
1,IP6,gCPD-0,31531574,37384246,2944,12698.453,1988,774,515,64,46,1,,
2,IP6,gCPD-0,29734565,34956965,3072,11379.22,1700,776,995,64,48,1,,
3,IP6,gCPD-0,20217676,26309452,3072,8564.275,1983,777,1407,64,48,1,,
1,IP6,gCPD-0,9531402,16072482,3640,4415.517,1797,633,1037,70,52,1,,
4,IP6,gCPD-20,27513501,34069149,3072,11090.218,2134,839,519,64,48,0.872569856,0.71729009,0.172866537
5,IP6,gCPD-20,15789859,20419363,3072,6646.928,1507,844,1008,64,48,0.531027072,0.703274676,0.143901427
6,IP6,gCPD-20,15128348,19217180,3072,6255.592,1331,843,1417,64,48,0.748273343,,
2,IP6,gCPD-20,6302434,11806114,3640,3243.438,1512,705,1047,70,52,0.661228432,,
7,IP6,gCPD-40,13820630,18253526,3072,5941.903,1443,901,518,64,48,0.438310818,,
8,IP6,gCPD-40,19930805,24864437,3072,8093.892,1606,907,1015,64,48,0.670290788,,
9,IP6,gCPD-40,8982924,12408204,3072,4039.129,1115,906,1423,64,48,0.444310414,,
10,IP6,gCPD-60,10005599,14100575,3072,4590.031,1333,963,524,64,48,,,
11,IP6,gCPD-60,18281065,23187049,3072,7547.868,1597,976,1018,64,48,,,
12,IP6,gCPD-60,6895396,10139428,3072,3300.595,1056,967,1427,64,48,,,
13,IP6,gCPD-80,10105848,14483448,3072,4714.664,1425,1026,531,64,48,,,
14,IP6,gCPD-80,12577740,17231820,3072,5609.316,1515,1043,1023,64,48,,,
15,IP6,gCPD-80,6439576,9634456,3072,3136.216,1040,1028,1431,64,48,,,
16,1486WT,gCPD-0,22098137,27415769,3072,8924.404,1731,1089,525,64,48,1,,
17,1486WT,gCPD-0,37657720,43678840,3072,14218.372,1960,1109,1026,64,48,1,,
18,1486WT,gCPD-0,24692221,29072893,3072,9463.832,1426,1090,1432,64,48,1,,
19,1486WT,gCPD-20,18837157,23998117,3072,7811.887,1680,1154,525,64,48,0.852431904,,
20,1486WT,gCPD-20,23117456,28395152,3072,9243.214,1718,1175,1024,64,48,0.613883581,,
21,1486WT,gCPD-20,22262961,26566833,3072,8648.058,1401,1157,1432,64,48,0.901618408,,
22,1486WT,gCPD-40,15906490,21119674,3072,6874.894,1697,1221,525,64,48,0.719811358,,
23,1486WT,gCPD-40,17455039,22572991,3072,7347.979,1666,1238,1023,64,48,0.463518211,,
24,1486WT,gCPD-40,14222030,17914574,3072,5831.567,1202,1220,1430,64,48,0.575972084,,
25,1486WT,gCPD-60,13431231,18561471,3072,6042.146,1670,1284,524,64,48,,,
26,1486WT,gCPD-60,14210138,19257434,3072,6268.696,1643,1297,1017,64,48,,,
27,1486WT,gCPD-60,12092353,15686593,3072,5106.313,1170,1287,1430,64,48,,,
28,1486WT,gCPD-80,10232926,15320158,3072,4987.031,1656,1348,527,64,48,,,
29,1486WT,gCPD-80,12649278,17831742,3072,5804.604,1687,1360,1012,64,48,,,
30,1486WT,gCPD-80,9034522,12687130,3072,4129.925,1189,1349,1434,64,48,,,
31,1486IP6,gCPD-0,45167161,54192697,3072,17640.852,2938,1409,527,64,48,,,
32,1486IP6,gCPD-0,36699281,43476113,3072,14152.381,2206,1423,1006,64,48,,,
33,1486IP6,gCPD-0,41393718,48115254,3072,15662.518,2188,1412,1432,64,48,,,
34,1486IP6,gCPD-20,29871113,45633545,3072,14854.67,5131,1472,529,64,48,,,
35,1486IP6,gCPD-20,33714913,41453281,3072,13493.907,2519,1483,1005,64,48,,,
36,1486IP6,gCPD-20,44588655,51792495,3072,16859.536,2345,1480,1432,64,48,,,
37,1486IP6,gCPD-40,36613589,44170709,3072,14378.486,2460,1537,531,64,48,,,
38,1486IP6,gCPD-40,30260107,37424011,3072,12182.295,2332,1548,1001,64,48,,,
39,1486IP6,gCPD-40,38285653,44816725,3072,14588.778,2126,1544,1434,64,48,,,
40,1486IP6,gCPD-60,35267118,42050094,3072,13688.182,2208,1602,532,64,48,,,
41,1486IP6,gCPD-60,30839404,37871212,3072,12327.868,2289,1611,1003,64,48,,,
42,1486IP6,gCPD-60,36139260,42615036,3072,13872.082,2108,1609,1442,64,48,,,
43,1486IP6,gCPD-80,36279747,43446723,3072,14142.813,2333,1666,532,64,48,,,
44,1486IP6,gCPD-80,24644976,31031664,3072,10101.453,2079,1675,1009,64,48,,,
45,1486IP6,gCPD-80,27089612,32573132,3072,10603.233,1785,1673,1445,64,48,,,
46,1486IP6+IP6,gCPD-0,38557613,45994925,3072,14972.306,2421,1727,531,64,48,,,
47,1486IP6+IP6,gCPD-0,33801998,40594190,3072,13214.255,2211,1738,1007,64,48,,,
48,1486IP6+IP6,gCPD-0,37694939,44195291,3072,14386.488,2116,1735,1444,64,48,,,
49,1486IP6+IP6,gCPD-20,31209359,37605263,3072,12241.297,2082,1791,535,64,48,,,
50,1486IP6+IP6,gCPD-20,27470910,34272318,3072,11156.354,2214,1798,1005,64,48,,,
51,1486IP6+IP6,gCPD-20,29892011,35618219,3072,11594.472,1864,1799,1442,64,48,,,
52,1486IP6+IP6,gCPD-40,24823043,30813443,3072,10030.418,1950,1856,537,64,48,,,
53,1486IP6+IP6,gCPD-40,21092169,27116361,3072,8826.94,1961,1861,1003,64,48,,,
54,1486IP6+IP6,gCPD-40,21179956,25929268,3072,8440.517,1546,1860,1440,64,48,,,
55,1486IP6+IP6,gCPD-60,19356902,25162982,3072,8191.075,1890,1914,536,64,48,,,
56,1486IP6+IP6,gCPD-60,18771782,24325958,3072,7918.606,1808,1922,993,64,48,,,
57,1486IP6+IP6,gCPD-60,15418359,19802103,3072,6445.997,1427,1924,1434,64,48,,,
58,1486IP6+IP6,gCPD-80,15875613,20750877,3072,6754.843,1587,1977,539,64,48,,,
59,1486IP6+IP6,gCPD-80,16594961,21835793,3072,7108.006,1706,1990,982,64,48,,,
60,1486IP6+IP6,gCPD-80,10091380,13968244,3072,4546.954,1262,1986,1431,64,48,,,
61,IP6,CPD-0,5605502,10308734,3072,3355.708,1531,772,582,64,48,,,
62,IP6,CPD-0,4493224,9297832,3072,3026.638,1564,774,1059,64,48,,,
63,IP6,CPD-0,3851085,7171917,3072,2334.608,1081,775,1471,64,48,,,
64,IP6,CPD-20,13470157,19015117,3072,6189.817,1805,836,582,64,48,,,
65,IP6,CPD-20,6845490,11235378,3072,3657.35,1429,841,1067,64,48,,,
66,IP6,CPD-20,7559362,11113666,3072,3617.73,1157,841,1480,64,48,,,
67,IP6,CPD-40,10714885,15239941,3072,4960.918,1473,898,586,64,48,,,
68,IP6,CPD-40,14771632,20221360,3072,6582.474,1774,905,1078,64,48,,,
69,IP6,CPD-40,7971535,11206351,3072,3647.901,1053,903,1486,64,48,,,
70,IP6,CPD-60,10759186,15124498,3072,4923.339,1421,960,590,64,48,,,
71,IP6,CPD-60,18723929,24053849,3072,7830.029,1735,972,1087,64,48,,,
72,IP6,CPD-60,8672535,11950359,3072,3890.091,1067,965,1487,64,48,,,
73,IP6,CPD-80,14198080,19002688,3072,6185.771,1564,1025,592,64,48,,,
74,IP6,CPD-80,16074555,21020475,3072,6842.603,1610,1041,1090,64,48,,,
75,IP6,CPD-80,10189111,13546807,3072,4409.768,1093,1025,1492,64,48,,,
76,1486WT,CPD-0,3857348,8585156,3072,2794.647,1539,1090,591,64,48,,,
77,1486WT,CPD-0,5731391,10880063,3072,3541.687,1676,1106,1092,64,48,,,
78,1486WT,CPD-0,3570003,7145811,3072,2326.11,1164,1087,1492,64,48,,,
79,1486WT,CPD-20,7783555,12901507,3072,4199.709,1666,1154,592,64,48,,,
80,1486WT,CPD-20,8368217,13965401,3072,4546.029,1822,1173,1091,64,48,,,
81,1486WT,CPD-20,8528587,12602059,3072,4102.233,1326,1154,1494,64,48,,,
82,1486WT,CPD-40,10765831,16117255,3072,5246.502,1742,1219,589,64,48,,,
83,1486WT,CPD-40,10338861,16203309,3072,5274.515,1909,1236,1090,64,48,,,
84,1486WT,CPD-40,9983965,14045149,3072,4571.989,1322,1220,1495,64,48,,,
85,1486WT,CPD-60,12458331,17693019,3072,5759.446,1704,1282,591,64,48,,,
86,1486WT,CPD-60,12257520,18143472,3072,5906.078,1916,1299,1083,64,48,,,
87,1486WT,CPD-60,11932302,16420494,3072,5345.213,1461,1284,1488,64,48,,,
88,1486WT,CPD-80,10895195,16086875,3072,5236.613,1690,1345,587,64,48,,,
89,1486WT,CPD-80,13261634,19123010,3072,6224.938,1908,1360,1079,64,48,,,
90,1486WT,CPD-80,12273640,16460776,3072,5358.326,1363,1349,1491,64,48,,,
91,1486IP6,CPD-0,4415917,12040621,3072,3919.473,2482,1412,591,64,48,,,
92,1486IP6,CPD-0,4673181,10589853,3072,3447.218,1926,1425,1074,64,48,,,
93,1486IP6,CPD-0,5377976,9724856,3072,3165.643,1415,1413,1497,64,48,,,
94,1486IP6,CPD-20,5957141,15867413,3072,5165.174,3226,1474,596,64,48,,,
95,1486IP6,CPD-20,4963546,11046106,3072,3595.738,1980,1485,1069,64,48,,,
96,1486IP6,CPD-20,6606731,11491211,3072,3740.629,1590,1480,1493,64,48,,,
97,1486IP6,CPD-40,6039561,11885577,3072,3869.003,1903,1539,592,64,48,,,
98,1486IP6,CPD-40,5713081,11276473,3072,3670.727,1811,1548,1067,64,48,,,
99,1486IP6,CPD-40,6602873,11232377,3072,3656.373,1507,1545,1496,64,48,,,
100,1486IP6,CPD-60,6801550,12073102,3072,3930.046,1716,1606,597,64,48,,,
101,1486IP6,CPD-60,6510526,12052414,3072,3923.312,1804,1609,1069,64,48,,,
102,1486IP6,CPD-60,7924283,12258875,3072,3990.519,1411,1608,1502,64,48,,,
103,1486IP6,CPD-80,7110606,12286926,3072,3999.65,1685,1668,599,64,48,,,
104,1486IP6,CPD-80,6151913,11202281,3072,3646.576,1644,1676,1073,64,48,,,
105,1486IP6,CPD-80,6824853,10959765,3072,3567.632,1346,1676,1501,64,48,,,
106,1486IP6+IP6,CPD-0,5345750,10310102,3072,3356.153,1616,1727,599,64,48,,,
107,1486IP6+IP6,CPD-0,4976139,10032651,3072,3265.837,1646,1738,1075,64,48,,,
108,1486IP6+IP6,CPD-0,5215098,9294714,3072,3025.623,1328,1737,1504,64,48,,,
109,1486IP6+IP6,CPD-20,10936450,15894658,3072,5174.042,1614,1786,602,64,48,,,
110,1486IP6+IP6,CPD-20,10573492,16886452,3072,5496.892,2055,1799,1070,64,48,,,
111,1486IP6+IP6,CPD-20,10475973,14712261,3072,4789.147,1379,1803,1502,64,48,,,
112,1486IP6+IP6,CPD-40,15562928,20330672,3072,6618.057,1552,1849,604,64,48,,,
113,1486IP6+IP6,CPD-40,14777713,20497777,3072,6672.453,1862,1862,1065,64,48,,,
114,1486IP6+IP6,CPD-40,13271838,17428254,3072,5673.26,1353,1863,1500,64,48,,,
115,1486IP6+IP6,CPD-60,17141632,21847936,3072,7111.958,1532,1914,603,64,48,,,
116,1486IP6+IP6,CPD-60,16818010,22479706,3072,7317.613,1843,1923,1057,64,48,,,
117,1486IP6+IP6,CPD-60,15569137,19522801,3072,6355.078,1287,1926,1500,64,48,,,
118,1486IP6+IP6,CPD-80,17764288,22550464,3072,7340.646,1558,1980,599,64,48,,,
119,1486IP6+IP6,CPD-80,20745912,26601144,3072,8659.227,1906,1987,1046,64,48,,,
120,1486IP6+IP6,CPD-80,15264679,19163047,3072,6237.971,1269,1988,1494,64,48,,,