Image A,Image B,ROI,Auto Threshold A,Auto Threshold B,Using Stack Histogram,Pearson's Coefficient,Spearman's Rank Coefficient,M1,M2,Threshold A,Threshold B,Thresholded M1,Thresholded M2,Overlap Coefficient,k1,k2,Thresholded Overlap Coefficient,Thresholded k1,Thresholded k2,ICQ,Area tot,Area A,Area B,Area Overlap,Timepoint,ColocSourceFile,SampleID,Group,Image,Area,Ch2_Mean,Ch2_IntDen,Ch2_Min,Ch2_Max,Ch2_StdDev,Ch3_Mean,Ch3_IntDen,Ch3_Min,Ch3_Max,Ch3_StdDev,IntensitySourceFile
C2-A2_001_MIP.tif T1,C3-A2_001_MIP.tif T1,a96909ea-73ec-11f1-ba1f-acde48001122,Otsu,Otsu,FALSE,0.31,0.211,1,1,2208,11165,0.035,0.991,0.408,0.493,0.338,0.913,4.404,0.189,0.5,2124.142,1266.972,30.584,30.174,1,A2_001_MIP_colocalisation.csv,A2_001_MIP,A2_,A2_001_MIP.tif,2124.142,2347.895,4987263.483,167,13091,1017.03,980.614,2082963.317,139,59313,2928.188,A2_001_MIP_intensity.csv
C2-A2_001_MIP.tif T1,C3-A2_001_MIP.tif T1,a96911c4-73ec-11f1-ba1f-acde48001122,Otsu,Otsu,FALSE,0.497,0.4,1,1,3730,5156,0.075,0.996,0.603,0.313,1.162,0.922,1.3,0.654,0.5,1075.826,679.979,34.868,34.657,1,A2_001_MIP_colocalisation.csv,A2_001_MIP,A2_,A2_001_MIP.tif,1075.826,3988.814,4291269.574,182,21616,1406.835,1066.144,1146985.641,156,41089,1917.105,A2_001_MIP_intensity.csv
C2-A2_003_MIP.tif T1,C3-A2_003_MIP.tif T1,d77efb6e-73ec-11f1-bdaf-acde48001122,Otsu,Otsu,FALSE,0.412,0.323,1,1,1675,8756,0.069,0.975,0.576,1.061,0.312,0.907,4.534,0.181,0.5,587.967,403.335,20.186,19.564,1,A2_003_MIP_colocalisation.csv,A2_003_MIP,A2_,A2_003_MIP.tif,587.967,1890.793,1111724.81,155,12942,796.857,1784.577,1049273.157,172,58755,3336.099,A2_003_MIP_intensity.csv
C2-A2_004_MIP.tif T1,C3-A2_004_MIP.tif T1,e0a701b4-73ec-11f1-bdaf-acde48001122,Otsu,Otsu,FALSE,0.279,0.153,1,1,2528,7967,0.098,0.774,0.551,0.851,0.356,0.881,3.153,0.246,0.5,1474.689,853.074,86.12,66.145,1,A2_004_MIP_colocalisation.csv,A2_004_MIP,A2_,A2_004_MIP.tif,1474.689,2650.86,3909194.766,179,14014,1052.939,2187.129,3225335.786,148,65535,3827.35,A2_004_MIP_intensity.csv
C2-A2_004_MIP.tif T1,C3-A2_004_MIP.tif T1,e0a70fe2-73ec-11f1-bdaf-acde48001122,Otsu,Otsu,FALSE,0.217,0.259,1,1,3335,2167,0.104,0.81,0.646,0.219,1.907,0.908,0.769,1.072,0.5,966.175,609.304,75.674,59.643,1,A2_004_MIP_colocalisation.csv,A2_004_MIP,A2_,A2_004_MIP.tif,966.175,3604.162,3482252.451,283,50027,1639.066,849.132,820410.471,155,15788,1037.667,A2_004_MIP_intensity.csv
C2-A2_005_MIP.tif T1,C3-A2_005_MIP.tif T1,effc4e6c-73ec-11f1-bdaf-acde48001122,Otsu,Otsu,FALSE,0.333,0.241,1,1,2373,18504,0.078,0.958,0.521,1.622,0.167,0.911,8.011,0.104,0.5,807.691,568.638,37.063,34.891,1,A2_005_MIP_colocalisation.csv,A2_005_MIP,A2_,A2_005_MIP.tif,807.691,2691.912,2174233.25,178,11418,986.812,3975.824,3211236.831,186,65535,7989.31,A2_005_MIP_intensity.csv
C2-A2_006_MIP.tif T1,C3-A2_006_MIP.tif T1,fb082394-73ec-11f1-bdaf-acde48001122,Otsu,Otsu,FALSE,0.431,0.209,1,1,2387,9379,0.064,0.951,0.521,0.674,0.402,0.88,3.033,0.255,0.5,1330.241,821.047,35.337,32.896,1,A2_006_MIP_colocalisation.csv,A2_006_MIP,A2_,A2_006_MIP.tif,1330.241,2559.726,3405053.423,180,19637,1123.223,1428.083,1899695.541,150,61321,3323.498,A2_006_MIP_intensity.csv
C2-A2_007_MIP.tif T1,C3-A2_007_MIP.tif T1,aad3e11e-73cf-11f1-8377-b83fd22aed90,Otsu,Otsu,FALSE,0.444,0.114,1,1,2937,6766,0.082,0.986,0.542,0.439,0.67,0.92,1.842,0.46,0.5,853.673,555.811,31.453,30.784,1,A2_007_MIP_colocalisation.csv,A2_007_MIP,A2_,A2_007_MIP.tif,853.673,3300.113,2817217.607,223,25829,1566.652,1205.756,1029321.568,146,35213,2700.355,A2_007_MIP_intensity.csv
C2-A2_008_MIP.tif T1,C3-A2_008_MIP.tif T1,24226370-73ed-11f1-bdaf-acde48001122,Otsu,Otsu,FALSE,0.452,0.143,1,1,5456,8837,0.663,0.37,0.641,1.058,0.388,0.906,1.962,0.419,0.5,1089.534,47.86,92.434,29.645,1,A2_008_MIP_colocalisation.csv,A2_008_MIP,A2_,A2_008_MIP.tif,1089.534,2994.325,3262417.615,165,27282,1510.174,2898.521,3158035.933,151,52408,4717.217,A2_008_MIP_intensity.csv
C2-A2_012_MIP.tif T1,C3-A2_012_MIP.tif T1,1646b6b4-73f4-11f1-a853-acde48001122,Otsu,Otsu,FALSE,0.381,0.164,1,1,6144,5305,0.688,0.265,0.613,0.557,0.675,0.867,1.111,0.677,0.5,1012.099,23.496,72.846,15.081,1,A2_012_MIP_colocalisation.csv,A2_012_MIP,A2_,A2_012_MIP.tif,1012.099,3175.626,3214047.735,263,23382,1402.772,1661.328,1681427.852,141,36564,2680.777,A2_012_MIP_intensity.csv
C2-A2_012_MIP.tif T1,C3-A2_012_MIP.tif T1,1646c122-73f4-11f1-a853-acde48001122,Otsu,Otsu,FALSE,0.373,0.267,1,1,3303,8449,0.105,0.907,0.573,0.668,0.492,0.899,2.486,0.325,0.499,1648.22,1037.038,95.602,84.535,1,A2_012_MIP_colocalisation.csv,A2_012_MIP,A2_,A2_012_MIP.tif,1648.22,3604.021,5940216.998,186,21055,1544.581,2210.589,3643536.458,158,56697,4000.901,A2_012_MIP_intensity.csv
C2-A2_013_MIP.tif T1,C3-A2_013_MIP.tif T1,3115bb66-73f4-11f1-a853-acde48001122,Otsu,Otsu,FALSE,0.147,0.135,1,1,5599,2688,0.127,0.078,0.527,0.344,0.807,0.82,0.578,1.163,0.5,1618.163,64.689,138.134,8.297,1,A2_013_MIP_colocalisation.csv,A2_013_MIP,A2_,A2_013_MIP.tif,1618.163,1961.227,3173585.343,193,33203,1745.188,1029.056,1665181.248,168,32646,1370.312,A2_013_MIP_intensity.csv
C2-A2_015_MIP.tif T1,C3-A2_015_MIP.tif T1,40d87d54-73f4-11f1-a853-acde48001122,Otsu,Otsu,FALSE,0.396,0.369,1,1,1921,11244,0.065,0.922,0.504,0.918,0.276,0.843,3.885,0.183,0.5,1420.879,905.934,39.375,35.384,1,A2_015_MIP_colocalisation.csv,A2_015_MIP,A2_,A2_015_MIP.tif,1420.879,2115.644,3006075.468,143,20413,1109.552,1638.79,2328522.747,141,65163,4033.726,A2_015_MIP_intensity.csv
C2-A2_015_MIP.tif T1,C3-A2_015_MIP.tif T1,40d881e6-73f4-11f1-a853-acde48001122,Otsu,Otsu,FALSE,0.204,0.101,1,1,4643,4540,0.057,0.823,0.5,0.182,1.373,0.889,1.022,0.773,0.5,2008.565,1205.709,70.698,55.183,1,A2_015_MIP_colocalisation.csv,A2_015_MIP,A2_,A2_015_MIP.tif,2008.565,4954.078,9950588.983,177,27534,2163.323,917.992,1843845.921,141,29685,1740.656,A2_015_MIP_intensity.csv
C2-A2_016_MIP.tif T1,C3-A2_016_MIP.tif T1,4d044018-73f4-11f1-a853-acde48001122,Otsu,Otsu,FALSE,0.194,0.089,1,1,3268,6212,0.102,0.701,0.568,0.567,0.57,0.892,2.057,0.387,0.5,928.608,509.206,66.121,43.717,1,A2_016_MIP_colocalisation.csv,A2_016_MIP,A2_,A2_016_MIP.tif,928.608,3343.501,3104802.222,225,26880,1539.55,2023.201,1878760.595,175,39602,3061.218,A2_016_MIP_intensity.csv
C2-A2_019_MIP.tif T1,C3-A2_019_MIP.tif T1,a67f4048-73f4-11f1-80a3-acde48001122,Otsu,Otsu,FALSE,0.333,0.093,1,1,1977,4008,0.082,0.827,0.603,0.48,0.758,0.86,1.542,0.479,0.5,1768.961,901.134,64.525,50.829,1,A2_019_MIP_colocalisation.csv,A2_019_MIP,A2_,A2_019_MIP.tif,1768.961,1964.607,3475312.43,125,21008,1052.946,946.566,1674438.798,151,31938,1500.67,A2_019_MIP_intensity.csv
C2-A2_020_MIP.tif T1,C3-A2_020_MIP.tif T1,d16d25b8-73f4-11f1-80a3-acde48001122,Otsu,Otsu,FALSE,0.481,0.108,1,1,1787,6314,0.083,0.941,0.575,0.716,0.463,0.888,2.535,0.311,0.5,1440.162,831.762,43.999,40.642,1,A2_020_MIP_colocalisation.csv,A2_020_MIP,A2_,A2_020_MIP.tif,1440.162,1873.501,2698144.731,162,15710,858.111,1113.773,1604013.878,155,35777,2307.815,A2_020_MIP_intensity.csv
C2-A2_021_MIP.tif T1,C3-A2_021_MIP.tif T1,e242afde-73f4-11f1-80a3-acde48001122,Otsu,Otsu,FALSE,0.376,0.224,1,1,2458,10280,0.12,0.828,0.579,1.158,0.289,0.837,3.424,0.205,0.5,1232.151,672.608,73.632,58.434,1,A2_021_MIP_colocalisation.csv,A2_021_MIP,A2_,A2_021_MIP.tif,1232.151,2520.635,3105802.432,161,20891,1302.218,2732.568,3366936.609,177,65535,4974.775,A2_021_MIP_intensity.csv
C2-A2_021_MIP.tif T1,C3-A2_021_MIP.tif T1,e242b90c-73f4-11f1-80a3-acde48001122,Otsu,Otsu,FALSE,0.499,0.304,1,1,2498,14392,0.115,0.945,0.606,1.432,0.257,0.876,4.317,0.178,0.5,1367.011,715.844,55.852,51.381,1,A2_021_MIP_colocalisation.csv,A2_021_MIP,A2_,A2_021_MIP.tif,1367.011,2508.794,3429547.357,131,20546,1314.709,3016.294,4123305.125,167,65535,5974.038,A2_021_MIP_intensity.csv
C2-A2_022_MIP.tif T1,C3-A2_022_MIP.tif T1,ef24460e-73f4-11f1-80a3-acde48001122,Otsu,Otsu,FALSE,0.393,0.304,1,1,2002,7836,0.122,0.882,0.601,1.203,0.3,0.889,3.992,0.198,0.5,762.542,453.847,50.219,42.86,1,A2_022_MIP_colocalisation.csv,A2_022_MIP,A2_,A2_022_MIP.tif,762.542,2101.011,1602109.107,185,12454,838.354,2320.375,1769383.848,159,55507,3892.942,A2_022_MIP_intensity.csv
C2-A2_022_MIP.tif T1,C3-A2_022_MIP.tif T1,ef2458a6-73f4-11f1-80a3-acde48001122,Otsu,Otsu,FALSE,0.355,0.358,1,1,2843,4089,0.05,0.987,0.531,0.231,1.221,0.902,1.313,0.62,0.5,1458.775,859.846,31.535,30.889,1,A2_022_MIP_colocalisation.csv,A2_022_MIP,A2_,A2_022_MIP.tif,1458.775,3010.346,4391417.536,198,20139,1292.317,629.012,917586.426,120,24247,1278.981,A2_022_MIP_intensity.csv
C2-A2_023_MIP.tif T1,C3-A2_023_MIP.tif T1,fa41df60-73f4-11f1-80a3-acde48001122,Otsu,Otsu,FALSE,0.43,0.077,1,1,4388,5042,0.102,0.905,0.603,0.304,1.196,0.92,1.02,0.829,0.5,507.951,352.647,27.427,24.411,1,A2_023_MIP_colocalisation.csv,A2_023_MIP,A2_,A2_023_MIP.tif,507.951,4867.665,2472533.381,276,27289,1835.216,1323.42,672231.815,162,37816,2264.982,A2_023_MIP_intensity.csv
C2-A2_023_MIP.tif T1,C3-A2_023_MIP.tif T1,fa41e2da-73f4-11f1-80a3-acde48001122,Otsu,Otsu,FALSE,0.387,0.313,1,1,2282,5665,0.181,0.669,0.641,0.97,0.424,0.915,2.825,0.296,0.5,928.186,255.213,62.072,37.532,1,A2_023_MIP_colocalisation.csv,A2_023_MIP,A2_,A2_023_MIP.tif,928.186,1963.838,1822805.819,196,14550,878.481,1818.371,1687786.208,167,37038,2698.532,A2_023_MIP_intensity.csv
C2-A2_024_MIP.tif T1,C3-A2_024_MIP.tif T1,08c69e0e-73f5-11f1-80a3-acde48001122,Otsu,Otsu,FALSE,0.287,0.066,1,1,2880,5870,0.078,0.809,0.522,0.451,0.605,0.84,1.808,0.39,0.5,1068.726,634.595,47.543,36.1,1,A2_024_MIP_colocalisation.csv,A2_024_MIP,A2_,A2_024_MIP.tif,1068.726,3066.244,3276973.398,168,20398,1396.227,1330.058,1421466.829,147,55435,2584.365,A2_024_MIP_intensity.csv
C2-A2_024_MIP.tif T1,C3-A2_024_MIP.tif T1,08c6a606-73f5-11f1-80a3-acde48001122,Otsu,Otsu,FALSE,0.234,0.022,1,1,2235,3720,0.227,0.402,0.704,0.911,0.544,0.915,2.085,0.402,0.5,324.726,67.189,36.875,13.32,1,A2_024_MIP_colocalisation.csv,A2_024_MIP,A2_,A2_024_MIP.tif,324.726,1950.004,633218.069,435,8769,528.686,1785.475,579790.864,221,16640,1909.55,A2_024_MIP_intensity.csv
C2-A2_024_MIP.tif T1,C3-A2_024_MIP.tif T1,08c6abd8-73f5-11f1-80a3-acde48001122,Otsu,Otsu,FALSE,0.158,0.202,1,1,2374,3272,0.115,0.642,0.608,0.471,0.784,0.883,1.442,0.541,0.5,1173.294,632.87,105.437,65.112,1,A2_024_MIP_colocalisation.csv,A2_024_MIP,A2_,A2_024_MIP.tif,1173.294,2439.793,2862595.365,200,15135,1265.784,1321.134,1550078.534,155,23841,1670.586,A2_024_MIP_intensity.csv
C2-B2_001_MIP.tif T1,C3-B2_001_MIP.tif T1,32f68a18-73f5-11f1-80a3-acde48001122,Otsu,Otsu,FALSE,0.658,0.449,1,1,7858,3985,0.754,0.38,0.752,0.494,1.145,0.899,0.574,1.407,0.5,635.71,14.318,34.269,10.398,1,B2_001_MIP_colocalisation.csv,B2_001_MIP,B2_,B2_001_MIP.tif,635.71,2238.16,1422820.8,181,38535,2207.097,1012.481,643644.337,147,22090,1798.938,B2_001_MIP_intensity.csv
C2-B2_002_MIP.tif T1,C3-B2_002_MIP.tif T1,3f40e930-73f5-11f1-80a3-acde48001122,Otsu,Otsu,FALSE,0.616,0.543,1,1,10537,4074,0.624,0.548,0.742,0.251,2.189,0.881,0.411,1.888,0.5,849.53,34.868,40.865,19.013,1,B2_002_MIP_colocalisation.csv,B2_002_MIP,B2_,B2_002_MIP.tif,849.53,5079.179,4314915.621,313,65535,3500.038,1138.73,967385.823,157,33514,1752.596,B2_002_MIP_intensity.csv
C2-B2_002_MIP.tif T1,C3-B2_002_MIP.tif T1,3f40ed0e-73f5-11f1-80a3-acde48001122,Otsu,Otsu,FALSE,0.613,0.512,1,1,9691,4550,0.701,0.351,0.767,0.432,1.362,0.907,0.559,1.47,0.5,439.083,10.75,25.855,7.124,1,B2_002_MIP_colocalisation.csv,B2_002_MIP,B2_,B2_002_MIP.tif,439.083,3688.392,1619510.686,236,47523,2562.149,1495.728,656749.079,198,24687,2041.203,B2_002_MIP_intensity.csv
C2-B2_002_MIP.tif T1,C3-B2_002_MIP.tif T1,3f40f47a-73f5-11f1-80a3-acde48001122,Otsu,Otsu,FALSE,0.665,0.49,1,1,13641,8095,0.745,0.487,0.682,0.439,1.059,0.777,0.679,0.889,0.5,698.111,17.393,33.307,12.323,1,B2_002_MIP_colocalisation.csv,B2_002_MIP,B2_,B2_002_MIP.tif,698.111,5233.096,3653281.48,359,62116,3718.717,1900.156,1326519.408,160,64505,3667.547,B2_002_MIP_intensity.csv
C2-B2_003_MIP.tif T1,C3-B2_003_MIP.tif T1,63fd1316-73f5-11f1-80a3-acde48001122,Otsu,Otsu,FALSE,0.589,0.352,1,1,7871,3873,0.657,0.394,0.712,0.4,1.27,0.878,0.572,1.348,0.5,497.2,14.342,28.894,8.99,1,B2_003_MIP_colocalisation.csv,B2_003_MIP,B2_,B2_003_MIP.tif,497.2,2905.302,1444517.385,295,37872,2260.002,1048.624,521376.081,148,20573,1778.88,B2_003_MIP_intensity.csv
C2-B2_004_MIP.tif T1,C3-B2_004_MIP.tif T1,6ec4f746-73f5-11f1-80a3-acde48001122,Otsu,Otsu,FALSE,0.676,0.406,1,1,7974,5171,0.795,0.42,0.764,0.637,0.916,0.88,0.654,1.185,0.5,824.826,19.588,41.323,14.576,1,B2_004_MIP_colocalisation.csv,B2_004_MIP,B2_,B2_004_MIP.tif,824.826,2078.896,1714726.734,191,41497,2298.975,1256.204,1036149.063,148,31397,2260.052,B2_004_MIP_intensity.csv
C2-B2_005_MIP.tif T1,C3-B2_005_MIP.tif T1,9e3f2b22-73f5-11f1-b15e-acde48001122,Otsu,Otsu,FALSE,0.644,0.372,1,1,10131,8325,0.921,0.332,0.715,0.754,0.678,0.887,1.139,0.69,0.5,774.771,11.818,45.747,10.609,1,B2_005_MIP_colocalisation.csv,B2_005_MIP,B2_,B2_005_MIP.tif,774.771,3719.791,2881986.637,218,50653,2263.118,2285.142,1770462.303,163,60650,3983.582,B2_005_MIP_intensity.csv
C2-B2_006_MIP.tif T1,C3-B2_006_MIP.tif T1,aaca19ec-73f5-11f1-b15e-acde48001122,Otsu,Otsu,FALSE,0.63,0.33,1,1,12593,4900,0.684,0.437,0.706,0.304,1.638,0.859,0.412,1.79,0.498,2039.584,32.779,58.61,20.632,1,B2_006_MIP_colocalisation.csv,B2_006_MIP,B2_,B2_006_MIP.tif,2039.584,3299.195,6728984.6,190,65535,3137.434,849.674,1732981.352,137,36747,1767.636,B2_006_MIP_intensity.csv
C2-B2_007_MIP.tif T1,C3-B2_007_MIP.tif T1,b3df8e04-73f5-11f1-b15e-acde48001122,Otsu,Otsu,FALSE,0.615,0.307,1,1,6861,6088,0.915,0.303,0.714,0.828,0.617,0.905,1.163,0.704,0.5,823.758,10.504,43.447,9.272,1,B2_007_MIP_colocalisation.csv,B2_007_MIP,B2_,B2_007_MIP.tif,823.758,2229.236,1836350.231,183,37223,1554.744,1571.416,1294465.611,156,41957,2727.642,B2_007_MIP_intensity.csv
C2-B2_009_MIP.tif T1,C3-B2_009_MIP.tif T1,cfd28cec-73f5-11f1-b15e-acde48001122,Otsu,Otsu,FALSE,0.728,0.419,1,1,15163,15163,0.815,0.514,0.595,0.662,0.535,0.567,0.688,0.467,0.5,906.779,8.673,15.586,6.654,1,B2_009_MIP_colocalisation.csv,B2_009_MIP,B2_,B2_009_MIP.tif,906.779,2901.66,2631164.242,174,65535,3022.998,1711.658,1552095.256,153,65535,4334.574,B2_009_MIP_intensity.csv
C2-B2_009_MIP.tif T1,C3-B2_009_MIP.tif T1,cfd295d4-73f5-11f1-b15e-acde48001122,Otsu,Otsu,FALSE,0.617,0.248,1,1,8092,4843,0.671,0.526,0.714,0.414,1.23,0.874,0.651,1.173,0.5,1108.851,31.148,44.703,19.083,1,B2_009_MIP_colocalisation.csv,B2_009_MIP,B2_,B2_009_MIP.tif,1108.851,3102.146,3439819.095,190,51587,2374.61,1104.038,1224213.833,148,41164,1980.755,B2_009_MIP_intensity.csv
C2-B2_009_MIP.tif T1,C3-B2_009_MIP.tif T1,cfd299c6-73f5-11f1-b15e-acde48001122,Otsu,Otsu,FALSE,0.742,0.341,1,1,11090,9083,0.728,0.676,0.751,0.54,1.045,0.924,0.905,0.943,0.5,555.318,17.334,19.693,11.525,1,B2_009_MIP_colocalisation.csv,B2_009_MIP,B2_,B2_009_MIP.tif,555.318,4306,2391197.304,237,54385,3241.463,1698.698,943317.088,172,50354,3482.121,B2_009_MIP_intensity.csv
C2-B2_009_MIP.tif T1,C3-B2_009_MIP.tif T1,cfd29cdc-73f5-11f1-b15e-acde48001122,Otsu,Otsu,FALSE,0.647,0.646,1,1,7822,5429,0.778,0.318,0.79,0.798,0.782,0.882,0.748,1.041,0.5,698.31,21.536,64.208,15.797,1,B2_009_MIP_colocalisation.csv,B2_009_MIP,B2_,B2_009_MIP.tif,698.31,2470.968,1725502.386,179,46384,2540.464,2149.162,1500782.276,142,36432,2863.15,B2_009_MIP_intensity.csv
C2-B2_010_MIP.tif T1,C3-B2_010_MIP.tif T1,e7d43bf6-73f5-11f1-b15e-acde48001122,Otsu,Otsu,FALSE,0.542,0.34,1,1,7322,3071,0.646,0.416,0.718,0.313,1.648,0.856,0.461,1.59,0.5,612.12,16.067,28.308,9.694,1,B2_010_MIP_colocalisation.csv,B2_010_MIP,B2_,B2_010_MIP.tif,612.12,2837.886,1737127.615,195,31117,2081.571,862.43,527910.866,156,21163,1268.777,B2_010_MIP_intensity.csv
C2-B2_010_MIP.tif T1,C3-B2_010_MIP.tif T1,e7d44254-73f5-11f1-b15e-acde48001122,Otsu,Otsu,FALSE,0.581,0.336,1,1,6906,2989,0.633,0.59,0.705,0.232,2.138,0.874,0.466,1.639,0.5,1142.593,32.603,36.488,18.402,1,B2_010_MIP_colocalisation.csv,B2_010_MIP,B2_,B2_010_MIP.tif,1142.593,3257.837,3722380.713,179,35221,1931.056,657.975,751797.476,121,19542,1061.166,B2_010_MIP_intensity.csv
C2-B2_010_MIP.tif T1,C3-B2_010_MIP.tif T1,e7d4461e-73f5-11f1-b15e-acde48001122,Otsu,Otsu,FALSE,0.6,0.314,1,1,7352,7140,0.462,0.668,0.604,0.383,0.951,0.778,0.842,0.72,0.5,1384.72,59.115,37.802,21.008,1,B2_010_MIP_colocalisation.csv,B2_010_MIP,B2_,B2_010_MIP.tif,1384.72,3694.247,5115498.506,199,58588,2570.724,1170.835,1621278.543,148,62784,2605.974,B2_010_MIP_intensity.csv
C2-B2_010_MIP.tif T1,C3-B2_010_MIP.tif T1,e7d44a1a-73f5-11f1-b15e-acde48001122,Otsu,Otsu,FALSE,0.511,0.35,1,1,6189,3984,0.585,0.354,0.697,0.483,1.005,0.846,0.688,1.041,0.5,840.364,25.233,47.39,13.579,1,B2_010_MIP_colocalisation.csv,B2_010_MIP,B2_,B2_010_MIP.tif,840.364,2532.767,2128446.993,192,39455,1865.04,1202.464,1010507.454,160,39076,1819.186,B2_010_MIP_intensity.csv
C2-B2_010_MIP.tif T1,C3-B2_010_MIP.tif T1,e7d44d6c-73f5-11f1-b15e-acde48001122,Otsu,Otsu,FALSE,0.713,0.534,1,1,11278,6466,0.924,0.328,0.814,0.709,0.935,0.936,0.766,1.143,0.5,698.956,13.473,53.341,12.147,1,B2_010_MIP_colocalisation.csv,B2_010_MIP,B2_,B2_010_MIP.tif,698.956,3458.028,2417008.921,235,51353,2879.78,2243.514,1568117.454,181,40217,3213.441,B2_010_MIP_intensity.csv
C2-B2_010_MIP.tif T1,C3-B2_010_MIP.tif T1,e7d4506e-73f5-11f1-b15e-acde48001122,Otsu,Otsu,FALSE,0.554,0.242,1,1,5289,9509,0.585,0.453,0.653,1.13,0.378,0.868,1.937,0.389,0.5,792.281,17.639,25.643,9.013,1,B2_010_MIP_colocalisation.csv,B2_010_MIP,B2_,B2_010_MIP.tif,792.281,1813.163,1436535.175,159,26976,1450.923,1761.613,1395693.588,150,65535,3609.792,B2_010_MIP_intensity.csv
C2-B2_011_MIP.tif T1,C3-B2_011_MIP.tif T1,115cc7fe-73f6-11f1-b15e-acde48001122,Otsu,Otsu,FALSE,0.67,0.418,1,1,14009,7065,0.818,0.428,0.679,0.379,1.217,0.87,0.621,1.217,0.5,873.19,7.64,18.836,5.798,1,B2_011_MIP_colocalisation.csv,B2_011_MIP,B2_,B2_011_MIP.tif,873.19,3495.985,3052659.558,165,63793,2803.026,993.748,867730.731,136,47409,2296.104,B2_011_MIP_intensity.csv
C2-B2_012_MIP.tif T1,C3-B2_012_MIP.tif T1,d3f8a606-73cf-11f1-8377-b83fd22aed90,Otsu,Otsu,FALSE,0.634,0.473,1,1,9040,6369,0.808,0.399,0.744,0.626,0.885,0.873,0.806,0.946,0.5,389.381,14.623,34.481,11.724,1,B2_012_MIP_colocalisation.csv,B2_012_MIP,B2_,B2_012_MIP.tif,389.381,4033.027,1570382.841,307,45200,2677.562,2191.654,853387.994,201,42740,3429.94,B2_012_MIP_intensity.csv
C2-B2_012_MIP.tif T1,C3-B2_012_MIP.tif T1,d3f8aa3e-73cf-11f1-8377-b83fd22aed90,Otsu,Otsu,FALSE,0.693,0.514,1,1,11878,5998,0.798,0.468,0.733,0.403,1.333,0.905,0.625,1.309,0.5,1319.127,24.575,51.123,18.578,1,B2_012_MIP_colocalisation.csv,B2_012_MIP,B2_,B2_012_MIP.tif,1319.127,3990.985,5264616.344,295,51338,2934.983,1244.581,1641760.393,145,39220,2424.545,B2_012_MIP_intensity.csv
C2-B2_012_MIP.tif T1,C3-B2_012_MIP.tif T1,d3f8ad36-73cf-11f1-8377-b83fd22aed90,Otsu,Otsu,FALSE,0.727,0.351,1,1,10632,3444,0.879,0.489,0.788,0.294,2.113,0.913,0.377,2.21,0.5,903.751,25.632,53.81,21.512,1,B2_012_MIP_colocalisation.csv,B2_012_MIP,B2_,B2_012_MIP.tif,903.751,4023.79,3636504.192,260,53162,2973.095,973.455,879760.539,151,19518,1592.25,B2_012_MIP_intensity.csv
C2-B2_013_MIP.tif T1,C3-B2_013_MIP.tif T1,19d253d6-73f6-11f1-b15e-acde48001122,Otsu,Otsu,FALSE,0.634,0.336,1,1,8487,3717,0.729,0.491,0.74,0.323,1.698,0.917,0.535,1.572,0.499,1547.383,42.18,73.832,28.765,1,B2_013_MIP_colocalisation.csv,B2_013_MIP,B2_,B2_013_MIP.tif,1547.383,3480.936,5386341.112,184,47049,2436.008,972.937,1505505.768,141,27081,1575.74,B2_013_MIP_intensity.csv
C2-B2_014_MIP.tif T1,C3-B2_014_MIP.tif T1,451619ec-73f6-11f1-b15e-acde48001122,Otsu,Otsu,FALSE,0.644,0.413,1,1,9357,5770,0.834,0.315,0.755,0.694,0.821,0.897,0.756,1.066,0.5,1223.724,21.219,73.961,16.818,1,B2_014_MIP_colocalisation.csv,B2_014_MIP,B2_,B2_014_MIP.tif,1223.724,2542.772,3111651.675,208,48693,2381.55,1663.383,2035522.491,166,44588,2737.898,B2_014_MIP_intensity.csv
C2-B2_014_MIP.tif T1,C3-B2_014_MIP.tif T1,451625ea-73f6-11f1-b15e-acde48001122,Otsu,Otsu,FALSE,0.634,0.293,1,1,7794,5085,0.918,0.34,0.713,0.556,0.914,0.907,0.905,0.909,0.5,419.261,2.946,10.997,2.605,1,B2_014_MIP_colocalisation.csv,B2_014_MIP,B2_,B2_014_MIP.tif,419.261,2151.485,902033.285,257,31053,1354.626,983.841,412485.82,135,34125,1722.963,B2_014_MIP_intensity.csv
C2-B2_014_MIP.tif T1,C3-B2_014_MIP.tif T1,45162900-73f6-11f1-b15e-acde48001122,Otsu,Otsu,FALSE,0.698,0.375,1,1,7265,7281,0.817,0.464,0.732,0.837,0.641,0.889,1.218,0.649,0.5,564.883,10.985,23.742,8.579,1,B2_014_MIP_colocalisation.csv,B2_014_MIP,B2_,B2_014_MIP.tif,564.883,2279.521,1287661.858,212,37810,1902.901,1447.343,817579.052,158,50180,3068.001,B2_014_MIP_intensity.csv
C2-B2_014_MIP.tif T1,C3-B2_014_MIP.tif T1,45162c48-73f6-11f1-b15e-acde48001122,Otsu,Otsu,FALSE,0.68,0.528,1,1,6852,4776,0.821,0.503,0.77,0.559,1.06,0.902,0.796,1.023,0.5,1071.061,32.92,62.154,25.643,1,B2_014_MIP_colocalisation.csv,B2_014_MIP,B2_,B2_014_MIP.tif,1071.061,2832.052,3033300.595,173,36403,2072.748,1360.652,1457341.235,143,28999,2155.62,B2_014_MIP_intensity.csv
C2-B2_015_MIP.tif T1,C3-B2_015_MIP.tif T1,51fa257c-73f6-11f1-b15e-acde48001122,Otsu,Otsu,FALSE,0.528,0.212,1,1,8130,3616,0.804,0.247,0.698,0.486,1.001,0.86,0.535,1.381,0.494,2327.201,25.526,113.218,19.165,1,B2_015_MIP_colocalisation.csv,B2_015_MIP,B2_,B2_015_MIP.tif,2327.201,1986.734,4623527.687,126,44107,1797.248,1004.425,2337497.95,154,29748,1574.328,B2_015_MIP_intensity.csv
C2-B2_016_MIP.tif T1,C3-B2_016_MIP.tif T1,5dbd5bd6-73f6-11f1-b15e-acde48001122,Otsu,Otsu,FALSE,0.577,0.375,1,1,9866,4767,0.708,0.328,0.712,0.428,1.185,0.846,0.523,1.367,0.5,660.074,15.949,40.349,10.692,1,B2_016_MIP_colocalisation.csv,B2_016_MIP,B2_,B2_016_MIP.tif,660.074,3485.662,2300795.197,319,49329,2613.508,1364.041,900368.107,139,33764,2235.03,B2_016_MIP_intensity.csv
C2-B2_016_MIP.tif T1,C3-B2_016_MIP.tif T1,5dbd5eec-73f6-11f1-b15e-acde48001122,Otsu,Otsu,FALSE,0.501,0.272,1,1,2700,4383,0.358,0.641,0.702,0.76,0.648,0.821,1.379,0.489,0.5,498.034,54.902,26.078,14.964,1,B2_016_MIP_colocalisation.csv,B2_016_MIP,B2_,B2_016_MIP.tif,498.034,1866.642,929650.621,264,22949,1040.037,1329.217,661994.991,201,31936,1893.613,B2_016_MIP_intensity.csv
C2-B2_017_MIP.tif T1,C3-B2_017_MIP.tif T1,6aef03ea-73f6-11f1-b15e-acde48001122,Otsu,Otsu,FALSE,0.516,0.337,1,1,5768,3263,0.546,0.469,0.685,0.319,1.469,0.819,0.611,1.097,0.5,1078.502,23.766,29.61,11.196,1,B2_017_MIP_colocalisation.csv,B2_017_MIP,B2_,B2_017_MIP.tif,1078.502,2463.621,2657019.975,156,32684,1591.131,728.977,786202.78,144,37824,1156.542,B2_017_MIP_intensity.csv
C2-B2_017_MIP.tif T1,C3-B2_017_MIP.tif T1,6aef0e9e-73f6-11f1-b15e-acde48001122,Otsu,Otsu,FALSE,0.53,0.273,1,1,7103,2277,0.425,0.581,0.798,0.203,3.132,0.871,0.337,2.249,0.5,876.406,15.785,12.745,6.021,1,B2_017_MIP_colocalisation.csv,B2_017_MIP,B2_,B2_017_MIP.tif,876.406,2539.448,2225587.212,181,32934,1718.165,556.624,487828.594,145,11850,548.61,B2_017_MIP_intensity.csv
C2-B2_018_MIP.tif T1,C3-B2_018_MIP.tif T1,75653022-73f8-11f1-b15e-acde48001122,Otsu,Otsu,FALSE,0.65,0.32,1,1,8669,6181,0.769,0.464,0.729,0.55,0.967,0.881,0.786,0.988,0.5,1064.547,24.317,46.592,17.111,1,B2_018_MIP_colocalisation.csv,B2_018_MIP,B2_,B2_018_MIP.tif,1064.547,3074.317,3272756.367,228,59745,2422.565,1411.275,1502369.245,147,49255,2591.766,B2_018_MIP_intensity.csv
C2-B2_019_MIP.tif T1,C3-B2_019_MIP.tif T1,87ea7d92-73f8-11f1-b15e-acde48001122,Otsu,Otsu,FALSE,0.648,0.561,1,1,9007,3293,0.839,0.26,0.749,0.416,1.346,0.862,0.493,1.508,0.5,520.25,4.342,20.245,3.45,1,B2_019_MIP_colocalisation.csv,B2_019_MIP,B2_,B2_019_MIP.tif,520.25,2165.433,1126566.649,189,40295,1750.151,794.171,413167.489,134,29992,1329.743,B2_019_MIP_intensity.csv
C2-B2_019_MIP.tif T1,C3-B2_019_MIP.tif T1,87ea8698-73f8-11f1-b15e-acde48001122,Otsu,Otsu,FALSE,0.592,0.278,1,1,11237,5321,0.79,0.389,0.722,0.419,1.242,0.872,0.579,1.314,0.5,785.944,14.67,37.955,10.903,1,B2_019_MIP_colocalisation.csv,B2_019_MIP,B2_,B2_019_MIP.tif,785.944,3590.526,2821952.201,169,57307,3007.027,1405.934,1104984.996,153,35710,2328.435,B2_019_MIP_intensity.csv
C2-B2_019_MIP.tif T1,C3-B2_019_MIP.tif T1,87ea8a58-73f8-11f1-b15e-acde48001122,Otsu,Otsu,FALSE,0.688,0.441,1,1,9404,7593,0.78,0.534,0.757,0.66,0.869,0.86,0.816,0.907,0.5,871.7,26.923,42.215,19.681,1,B2_019_MIP_colocalisation.csv,B2_019_MIP,B2_,B2_019_MIP.tif,871.7,3189.526,2780308.498,169,47018,2893.001,1774.682,1546989.367,158,53786,3305.69,B2_019_MIP_intensity.csv